Fecha,StateName,DaysOnZillow
2018-01-31,AK,
2018-01-31,AL,130.0
2018-01-31,AR,124.0
2018-01-31,AZ,89.0
2018-01-31,CA,61.5
2018-01-31,CO,63.0
2018-01-31,CT,104.5
2018-01-31,DE,124.5
2018-01-31,FL,94.0
2018-01-31,GA,92.5
2018-01-31,HI,105.0
2018-01-31,IA,98.5
2018-01-31,ID,
2018-01-31,IL,125.0
2018-01-31,IN,90.0
2018-01-31,KS,94.0
2018-01-31,KY,98.0
2018-01-31,LA,124.5
2018-01-31,MA,107.0
2018-01-31,MD,115.5
2018-01-31,ME,103.0
2018-01-31,MI,107.5
2018-01-31,MN,111.0
2018-01-31,MO,99.0
2018-01-31,MS,126.0
2018-01-31,MT,
2018-01-31,NC,111.0
2018-01-31,ND,
2018-01-31,NE,70.0
2018-01-31,NH,99.0
2018-01-31,NJ,143.0
2018-01-31,NM,128.5
2018-01-31,NV,69.0
2018-01-31,NY,143.0
2018-01-31,OH,111.5
2018-01-31,OK,119.0
2018-01-31,OR,92.5
2018-01-31,PA,115.0
2018-01-31,RI,97.0
2018-01-31,SC,109.0
2018-01-31,SD,95.0
2018-01-31,TN,92.0
2018-01-31,TX,98.0
2018-01-31,UT,63.0
2018-01-31,VA,108.0
2018-01-31,WA,83.0
2018-01-31,WI,82.0
2018-01-31,WV,128.0
2018-01-31,WY,71.0
2018-02-28,AK,
2018-02-28,AL,61.0
2018-02-28,AR,95.0
2018-02-28,AZ,66.0
2018-02-28,CA,44.0
2018-02-28,CO,49.0
2018-02-28,CT,76.0
2018-02-28,DE,99.0
2018-02-28,FL,74.5
2018-02-28,GA,62.0
2018-02-28,HI,104.0
2018-02-28,IA,87.0
2018-02-28,ID,
2018-02-28,IL,125.0
2018-02-28,IN,72.0
2018-02-28,KS,88.0
2018-02-28,KY,75.5
2018-02-28,LA,93.0
2018-02-28,MA,69.0
2018-02-28,MD,96.5
2018-02-28,ME,76.0
2018-02-28,MI,79.5
2018-02-28,MN,86.5
2018-02-28,MO,107.0
2018-02-28,MS,110.5
2018-02-28,MT,
2018-02-28,NC,86.0
2018-02-28,ND,
2018-02-28,NE,60.5
2018-02-28,NH,76.0
2018-02-28,NJ,128.0
2018-02-28,NM,116.5
2018-02-28,NV,51.5
2018-02-28,NY,138.0
2018-02-28,OH,86.0
2018-02-28,OK,92.0
2018-02-28,OR,58.0
2018-02-28,PA,107.0
2018-02-28,RI,64.0
2018-02-28,SC,83.0
2018-02-28,SD,81.0
2018-02-28,TN,73.0
2018-02-28,TX,75.0
2018-02-28,UT,41.0
2018-02-28,VA,73.0
2018-02-28,WA,48.0
2018-02-28,WI,70.0
2018-02-28,WV,128.0
2018-02-28,WY,51.0
2018-03-31,AK,
2018-03-31,AL,56.5
2018-03-31,AR,66.0
2018-03-31,AZ,65.0
2018-03-31,CA,47.0
2018-03-31,CO,43.5
2018-03-31,CT,70.0
2018-03-31,DE,83.5
2018-03-31,FL,72.5
2018-03-31,GA,58.5
2018-03-31,HI,97.0
2018-03-31,IA,59.0
2018-03-31,ID,
2018-03-31,IL,78.0
2018-03-31,IN,63.0
2018-03-31,KS,62.5
2018-03-31,KY,64.5
2018-03-31,LA,94.0
2018-03-31,MA,63.0
2018-03-31,MD,85.0
2018-03-31,ME,60.0
2018-03-31,MI,58.5
2018-03-31,MN,64.0
2018-03-31,MO,75.5
2018-03-31,MS,78.5
2018-03-31,MT,
2018-03-31,NC,67.0
2018-03-31,ND,
2018-03-31,NE,54.0
2018-03-31,NH,55.0
2018-03-31,NJ,109.5
2018-03-31,NM,65.0
2018-03-31,NV,52.5
2018-03-31,NY,118.5
2018-03-31,OH,67.0
2018-03-31,OK,69.5
2018-03-31,OR,58.0
2018-03-31,PA,69.0
2018-03-31,RI,63.0
2018-03-31,SC,74.5
2018-03-31,SD,67.0
2018-03-31,TN,68.0
2018-03-31,TX,61.5
2018-03-31,UT,41.0
2018-03-31,VA,59.5
2018-03-31,WA,45.0
2018-03-31,WI,64.0
2018-03-31,WV,79.0
2018-03-31,WY,85.5
2018-04-30,AK,
2018-04-30,AL,63.5
2018-04-30,AR,70.0
2018-04-30,AZ,55.5
2018-04-30,CA,44.5
2018-04-30,CO,46.0
2018-04-30,CT,64.0
2018-04-30,DE,75.5
2018-04-30,FL,69.5
2018-04-30,GA,57.0
2018-04-30,HI,79.0
2018-04-30,IA,66.0
2018-04-30,ID,
2018-04-30,IL,65.0
2018-04-30,IN,50.0
2018-04-30,KS,54.0
2018-04-30,KY,61.5
2018-04-30,LA,80.0
2018-04-30,MA,57.0
2018-04-30,MD,74.0
2018-04-30,ME,59.0
2018-04-30,MI,54.5
2018-04-30,MN,61.5
2018-04-30,MO,63.5
2018-04-30,MS,94.0
2018-04-30,MT,
2018-04-30,NC,59.0
2018-04-30,ND,
2018-04-30,NE,49.5
2018-04-30,NH,53.0
2018-04-30,NJ,102.5
2018-04-30,NM,74.5
2018-04-30,NV,53.5
2018-04-30,NY,91.0
2018-04-30,OH,56.0
2018-04-30,OK,58.5
2018-04-30,OR,58.5
2018-04-30,PA,66.0
2018-04-30,RI,56.0
2018-04-30,SC,76.5
2018-04-30,SD,57.0
2018-04-30,TN,61.0
2018-04-30,TX,60.0
2018-04-30,UT,38.0
2018-04-30,VA,62.0
2018-04-30,WA,43.0
2018-04-30,WI,55.0
2018-04-30,WV,104.0
2018-04-30,WY,81.0
2018-05-31,AK,
2018-05-31,AL,63.5
2018-05-31,AR,61.5
2018-05-31,AZ,58.5
2018-05-31,CA,46.0
2018-05-31,CO,48.5
2018-05-31,CT,73.0
2018-05-31,DE,78.0
2018-05-31,FL,75.0
2018-05-31,GA,61.0
2018-05-31,HI,89.0
2018-05-31,IA,64.0
2018-05-31,ID,
2018-05-31,IL,72.0
2018-05-31,IN,51.0
2018-05-31,KS,59.0
2018-05-31,KY,59.5
2018-05-31,LA,85.0
2018-05-31,MA,58.0
2018-05-31,MD,66.0
2018-05-31,ME,56.0
2018-05-31,MI,50.5
2018-05-31,MN,56.0
2018-05-31,MO,63.5
2018-05-31,MS,66.0
2018-05-31,MT,
2018-05-31,NC,59.0
2018-05-31,ND,
2018-05-31,NE,55.5
2018-05-31,NH,55.0
2018-05-31,NJ,108.0
2018-05-31,NM,63.5
2018-05-31,NV,46.5
2018-05-31,NY,86.0
2018-05-31,OH,61.5
2018-05-31,OK,58.0
2018-05-31,OR,56.0
2018-05-31,PA,72.0
2018-05-31,RI,57.0
2018-05-31,SC,73.5
2018-05-31,SD,58.0
2018-05-31,TN,56.0
2018-05-31,TX,62.0
2018-05-31,UT,44.0
2018-05-31,VA,61.0
2018-05-31,WA,45.0
2018-05-31,WI,56.0
2018-05-31,WV,71.0
2018-05-31,WY,51.0
2018-06-30,AK,
2018-06-30,AL,59.5
2018-06-30,AR,71.5
2018-06-30,AZ,64.5
2018-06-30,CA,50.5
2018-06-30,CO,48.0
2018-06-30,CT,75.0
2018-06-30,DE,89.0
2018-06-30,FL,80.0
2018-06-30,GA,54.0
2018-06-30,HI,79.0
2018-06-30,IA,63.0
2018-06-30,ID,
2018-06-30,IL,68.0
2018-06-30,IN,61.5
2018-06-30,KS,55.5
2018-06-30,KY,58.5
2018-06-30,LA,74.0
2018-06-30,MA,64.0
2018-06-30,MD,66.0
2018-06-30,ME,61.0
2018-06-30,MI,55.5
2018-06-30,MN,60.0
2018-06-30,MO,66.0
2018-06-30,MS,86.0
2018-06-30,MT,
2018-06-30,NC,69.0
2018-06-30,ND,
2018-06-30,NE,62.0
2018-06-30,NH,59.0
2018-06-30,NJ,102.0
2018-06-30,NM,60.5
2018-06-30,NV,44.5
2018-06-30,NY,90.5
2018-06-30,OH,64.0
2018-06-30,OK,66.0
2018-06-30,OR,61.5
2018-06-30,PA,71.5
2018-06-30,RI,63.0
2018-06-30,SC,66.5
2018-06-30,SD,62.0
2018-06-30,TN,62.0
2018-06-30,TX,64.5
2018-06-30,UT,39.0
2018-06-30,VA,64.0
2018-06-30,WA,47.0
2018-06-30,WI,59.0
2018-06-30,WV,80.0
2018-06-30,WY,53.5
2018-07-31,AK,
2018-07-31,AL,65.5
2018-07-31,AR,70.5
2018-07-31,AZ,70.0
2018-07-31,CA,51.5
2018-07-31,CO,50.0
2018-07-31,CT,77.0
2018-07-31,DE,86.0
2018-07-31,FL,73.0
2018-07-31,GA,55.0
2018-07-31,HI,95.0
2018-07-31,IA,64.0
2018-07-31,ID,
2018-07-31,IL,73.0
2018-07-31,IN,60.5
2018-07-31,KS,63.0
2018-07-31,KY,62.0
2018-07-31,LA,83.0
2018-07-31,MA,66.0
2018-07-31,MD,80.0
2018-07-31,ME,62.0
2018-07-31,MI,63.5
2018-07-31,MN,63.5
2018-07-31,MO,62.5
2018-07-31,MS,79.0
2018-07-31,MT,
2018-07-31,NC,68.0
2018-07-31,ND,
2018-07-31,NE,58.0
2018-07-31,NH,60.0
2018-07-31,NJ,97.5
2018-07-31,NM,62.5
2018-07-31,NV,50.0
2018-07-31,NY,98.5
2018-07-31,OH,61.0
2018-07-31,OK,76.0
2018-07-31,OR,60.5
2018-07-31,PA,70.5
2018-07-31,RI,68.0
2018-07-31,SC,72.0
2018-07-31,SD,70.0
2018-07-31,TN,63.0
2018-07-31,TX,65.5
2018-07-31,UT,43.0
2018-07-31,VA,61.0
2018-07-31,WA,51.0
2018-07-31,WI,57.0
2018-07-31,WV,88.0
2018-07-31,WY,59.0
2018-08-31,AK,
2018-08-31,AL,70.5
2018-08-31,AR,72.0
2018-08-31,AZ,64.0
2018-08-31,CA,52.5
2018-08-31,CO,55.0
2018-08-31,CT,91.0
2018-08-31,DE,97.5
2018-08-31,FL,76.5
2018-08-31,GA,65.0
2018-08-31,HI,86.0
2018-08-31,IA,67.0
2018-08-31,ID,
2018-08-31,IL,75.0
2018-08-31,IN,61.5
2018-08-31,KS,65.5
2018-08-31,KY,71.5
2018-08-31,LA,82.5
2018-08-31,MA,68.0
2018-08-31,MD,77.0
2018-08-31,ME,66.0
2018-08-31,MI,62.0
2018-08-31,MN,69.5
2018-08-31,MO,73.0
2018-08-31,MS,98.0
2018-08-31,MT,
2018-08-31,NC,66.0
2018-08-31,ND,
2018-08-31,NE,59.0
2018-08-31,NH,81.0
2018-08-31,NJ,112.5
2018-08-31,NM,64.5
2018-08-31,NV,55.0
2018-08-31,NY,93.0
2018-08-31,OH,68.5
2018-08-31,OK,72.0
2018-08-31,OR,67.0
2018-08-31,PA,72.5
2018-08-31,RI,69.0
2018-08-31,SC,72.0
2018-08-31,SD,61.0
2018-08-31,TN,64.0
2018-08-31,TX,67.0
2018-08-31,UT,43.0
2018-08-31,VA,72.0
2018-08-31,WA,50.0
2018-08-31,WI,66.0
2018-08-31,WV,111.0
2018-08-31,WY,67.5
2018-09-30,AK,
2018-09-30,AL,68.5
2018-09-30,AR,93.0
2018-09-30,AZ,68.5
2018-09-30,CA,58.0
2018-09-30,CO,64.0
2018-09-30,CT,89.0
2018-09-30,DE,92.5
2018-09-30,FL,77.5
2018-09-30,GA,64.0
2018-09-30,HI,82.0
2018-09-30,IA,70.0
2018-09-30,ID,
2018-09-30,IL,85.0
2018-09-30,IN,58.5
2018-09-30,KS,66.0
2018-09-30,KY,75.0
2018-09-30,LA,88.0
2018-09-30,MA,73.0
2018-09-30,MD,77.0
2018-09-30,ME,76.0
2018-09-30,MI,70.5
2018-09-30,MN,71.0
2018-09-30,MO,75.5
2018-09-30,MS,100.0
2018-09-30,MT,
2018-09-30,NC,76.0
2018-09-30,ND,
2018-09-30,NE,66.5
2018-09-30,NH,89.0
2018-09-30,NJ,102.0
2018-09-30,NM,70.0
2018-09-30,NV,59.0
2018-09-30,NY,113.0
2018-09-30,OH,73.5
2018-09-30,OK,85.0
2018-09-30,OR,73.5
2018-09-30,PA,74.0
2018-09-30,RI,81.0
2018-09-30,SC,81.0
2018-09-30,SD,68.0
2018-09-30,TN,72.0
2018-09-30,TX,71.5
2018-09-30,UT,50.0
2018-09-30,VA,71.0
2018-09-30,WA,52.0
2018-09-30,WI,63.0
2018-09-30,WV,114.0
2018-09-30,WY,86.0
2018-10-31,AK,
2018-10-31,AL,79.0
2018-10-31,AR,82.5
2018-10-31,AZ,73.5
2018-10-31,CA,60.0
2018-10-31,CO,66.5
2018-10-31,CT,91.0
2018-10-31,DE,89.0
2018-10-31,FL,76.5
2018-10-31,GA,66.0
2018-10-31,HI,89.0
2018-10-31,IA,76.0
2018-10-31,ID,
2018-10-31,IL,88.0
2018-10-31,IN,64.5
2018-10-31,KS,71.0
2018-10-31,KY,73.5
2018-10-31,LA,86.5
2018-10-31,MA,73.0
2018-10-31,MD,84.5
2018-10-31,ME,70.0
2018-10-31,MI,65.5
2018-10-31,MN,78.5
2018-10-31,MO,70.5
2018-10-31,MS,90.0
2018-10-31,MT,
2018-10-31,NC,86.0
2018-10-31,ND,
2018-10-31,NE,56.5
2018-10-31,NH,71.0
2018-10-31,NJ,112.5
2018-10-31,NM,79.0
2018-10-31,NV,61.0
2018-10-31,NY,111.0
2018-10-31,OH,75.5
2018-10-31,OK,97.0
2018-10-31,OR,76.5
2018-10-31,PA,78.5
2018-10-31,RI,71.0
2018-10-31,SC,90.0
2018-10-31,SD,74.0
2018-10-31,TN,67.0
2018-10-31,TX,73.0
2018-10-31,UT,53.0
2018-10-31,VA,77.0
2018-10-31,WA,57.0
2018-10-31,WI,68.0
2018-10-31,WV,109.0
2018-10-31,WY,81.5
2018-11-30,AK,
2018-11-30,AL,86.5
2018-11-30,AR,97.0
2018-11-30,AZ,85.0
2018-11-30,CA,62.0
2018-11-30,CO,74.0
2018-11-30,CT,99.0
2018-11-30,DE,97.5
2018-11-30,FL,81.5
2018-11-30,GA,68.5
2018-11-30,HI,78.0
2018-11-30,IA,89.5
2018-11-30,ID,
2018-11-30,IL,98.0
2018-11-30,IN,67.0
2018-11-30,KS,74.0
2018-11-30,KY,93.5
2018-11-30,LA,114.0
2018-11-30,MA,79.0
2018-11-30,MD,90.5
2018-11-30,ME,93.0
2018-11-30,MI,81.0
2018-11-30,MN,79.0
2018-11-30,MO,80.5
2018-11-30,MS,101.0
2018-11-30,MT,
2018-11-30,NC,75.5
2018-11-30,ND,
2018-11-30,NE,91.5
2018-11-30,NH,85.0
2018-11-30,NJ,98.5
2018-11-30,NM,76.0
2018-11-30,NV,71.0
2018-11-30,NY,116.0
2018-11-30,OH,67.5
2018-11-30,OK,82.0
2018-11-30,OR,77.5
2018-11-30,PA,83.0
2018-11-30,RI,86.0
2018-11-30,SC,80.0
2018-11-30,SD,88.0
2018-11-30,TN,78.0
2018-11-30,TX,81.5
2018-11-30,UT,56.0
2018-11-30,VA,82.0
2018-11-30,WA,65.0
2018-11-30,WI,83.0
2018-11-30,WV,91.0
2018-11-30,WY,93.0
2018-12-31,AK,
2018-12-31,AL,85.5
2018-12-31,AR,103.0
2018-12-31,AZ,73.5
2018-12-31,CA,74.0
2018-12-31,CO,80.5
2018-12-31,CT,109.0
2018-12-31,DE,104.0
2018-12-31,FL,86.0
2018-12-31,GA,75.0
2018-12-31,HI,81.0
2018-12-31,IA,99.5
2018-12-31,ID,
2018-12-31,IL,106.0
2018-12-31,IN,96.0
2018-12-31,KS,82.0
2018-12-31,KY,94.0
2018-12-31,LA,113.5
2018-12-31,MA,84.0
2018-12-31,MD,107.5
2018-12-31,ME,104.0
2018-12-31,MI,88.5
2018-12-31,MN,97.0
2018-12-31,MO,80.0
2018-12-31,MS,128.0
2018-12-31,MT,
2018-12-31,NC,82.0
2018-12-31,ND,
2018-12-31,NE,92.5
2018-12-31,NH,90.0
2018-12-31,NJ,141.0
2018-12-31,NM,104.5
2018-12-31,NV,72.5
2018-12-31,NY,125.0
2018-12-31,OH,91.0
2018-12-31,OK,102.0
2018-12-31,OR,80.0
2018-12-31,PA,94.0
2018-12-31,RI,90.0
2018-12-31,SC,98.0
2018-12-31,SD,99.0
2018-12-31,TN,75.0
2018-12-31,TX,80.5
2018-12-31,UT,60.0
2018-12-31,VA,88.0
2018-12-31,WA,76.0
2018-12-31,WI,91.0
2018-12-31,WV,85.0
2018-12-31,WY,94.5
2019-01-31,AK,
2019-01-31,AL,104.5
2019-01-31,AR,114.0
2019-01-31,AZ,84.5
2019-01-31,CA,74.0
2019-01-31,CO,85.0
2019-01-31,CT,116.0
2019-01-31,DE,120.5
2019-01-31,FL,89.0
2019-01-31,GA,76.5
2019-01-31,HI,100.0
2019-01-31,IA,104.5
2019-01-31,ID,
2019-01-31,IL,124.0
2019-01-31,IN,104.5
2019-01-31,KS,99.5
2019-01-31,KY,95.5
2019-01-31,LA,122.0
2019-01-31,MA,101.0
2019-01-31,MD,109.5
2019-01-31,ME,123.0
2019-01-31,MI,96.5
2019-01-31,MN,103.0
2019-01-31,MO,110.0
2019-01-31,MS,130.0
2019-01-31,MT,
2019-01-31,NC,86.0
2019-01-31,ND,
2019-01-31,NE,79.0
2019-01-31,NH,93.0
2019-01-31,NJ,131.0
2019-01-31,NM,98.5
2019-01-31,NV,81.5
2019-01-31,NY,139.5
2019-01-31,OH,88.5
2019-01-31,OK,103.0
2019-01-31,OR,91.0
2019-01-31,PA,103.0
2019-01-31,RI,99.0
2019-01-31,SC,108.0
2019-01-31,SD,85.0
2019-01-31,TN,83.0
2019-01-31,TX,87.0
2019-01-31,UT,62.0
2019-01-31,VA,106.0
2019-01-31,WA,75.0
2019-01-31,WI,94.0
2019-01-31,WV,106.0
2019-01-31,WY,79.5
2019-02-28,AK,
2019-02-28,AL,89.0
2019-02-28,AR,88.0
2019-02-28,AZ,67.0
2019-02-28,CA,57.0
2019-02-28,CO,55.5
2019-02-28,CT,81.0
2019-02-28,DE,94.0
2019-02-28,FL,73.5
2019-02-28,GA,63.5
2019-02-28,HI,89.0
2019-02-28,IA,105.5
2019-02-28,ID,
2019-02-28,IL,116.5
2019-02-28,IN,77.0
2019-02-28,KS,68.5
2019-02-28,KY,92.5
2019-02-28,LA,101.5
2019-02-28,MA,69.0
2019-02-28,MD,81.0
2019-02-28,ME,94.0
2019-02-28,MI,79.0
2019-02-28,MN,81.0
2019-02-28,MO,95.0
2019-02-28,MS,109.0
2019-02-28,MT,
2019-02-28,NC,60.5
2019-02-28,ND,
2019-02-28,NE,103.5
2019-02-28,NH,64.0
2019-02-28,NJ,101.5
2019-02-28,NM,77.5
2019-02-28,NV,64.0
2019-02-28,NY,143.0
2019-02-28,OH,74.0
2019-02-28,OK,103.0
2019-02-28,OR,64.0
2019-02-28,PA,80.5
2019-02-28,RI,84.0
2019-02-28,SC,71.0
2019-02-28,SD,61.0
2019-02-28,TN,65.5
2019-02-28,TX,70.0
2019-02-28,UT,48.0
2019-02-28,VA,81.0
2019-02-28,WA,55.0
2019-02-28,WI,64.0
2019-02-28,WV,108.0
2019-02-28,WY,63.0
2019-03-31,AK,
2019-03-31,AL,59.0
2019-03-31,AR,77.5
2019-03-31,AZ,64.5
2019-03-31,CA,50.0
2019-03-31,CO,59.5
2019-03-31,CT,71.0
2019-03-31,DE,71.5
2019-03-31,FL,76.0
2019-03-31,GA,55.0
2019-03-31,HI,89.0
2019-03-31,IA,76.5
2019-03-31,ID,
2019-03-31,IL,85.5
2019-03-31,IN,55.5
2019-03-31,KS,59.5
2019-03-31,KY,75.0
2019-03-31,LA,87.0
2019-03-31,MA,59.0
2019-03-31,MD,65.5
2019-03-31,ME,86.5
2019-03-31,MI,59.5
2019-03-31,MN,62.0
2019-03-31,MO,66.5
2019-03-31,MS,92.0
2019-03-31,MT,
2019-03-31,NC,59.5
2019-03-31,ND,
2019-03-31,NE,56.0
2019-03-31,NH,69.0
2019-03-31,NJ,89.0
2019-03-31,NM,68.0
2019-03-31,NV,57.0
2019-03-31,NY,128.0
2019-03-31,OH,67.0
2019-03-31,OK,73.5
2019-03-31,OR,61.0
2019-03-31,PA,75.0
2019-03-31,RI,64.0
2019-03-31,SC,76.0
2019-03-31,SD,66.0
2019-03-31,TN,64.0
2019-03-31,TX,62.5
2019-03-31,UT,43.0
2019-03-31,VA,65.0
2019-03-31,WA,43.0
2019-03-31,WI,58.5
2019-03-31,WV,91.0
2019-03-31,WY,70.0
2019-04-30,AK,
2019-04-30,AL,64.0
2019-04-30,AR,71.5
2019-04-30,AZ,56.5
2019-04-30,CA,47.0
2019-04-30,CO,51.5
2019-04-30,CT,67.0
2019-04-30,DE,76.0
2019-04-30,FL,76.5
2019-04-30,GA,60.0
2019-04-30,HI,101.0
2019-04-30,IA,61.0
2019-04-30,ID,
2019-04-30,IL,63.5
2019-04-30,IN,55.0
2019-04-30,KS,50.5
2019-04-30,KY,65.5
2019-04-30,LA,92.5
2019-04-30,MA,56.0
2019-04-30,MD,61.0
2019-04-30,ME,66.5
2019-04-30,MI,50.5
2019-04-30,MN,53.0
2019-04-30,MO,61.0
2019-04-30,MS,88.0
2019-04-30,MT,43.0
2019-04-30,NC,52.5
2019-04-30,ND,
2019-04-30,NE,66.0
2019-04-30,NH,50.0
2019-04-30,NJ,97.0
2019-04-30,NM,62.0
2019-04-30,NV,53.0
2019-04-30,NY,89.0
2019-04-30,OH,60.0
2019-04-30,OK,65.0
2019-04-30,OR,56.0
2019-04-30,PA,59.0
2019-04-30,RI,58.0
2019-04-30,SC,70.0
2019-04-30,SD,55.0
2019-04-30,TN,56.0
2019-04-30,TX,63.0
2019-04-30,UT,42.0
2019-04-30,VA,56.0
2019-04-30,WA,40.0
2019-04-30,WI,56.0
2019-04-30,WV,84.0
2019-04-30,WY,62.5
2019-05-31,AK,
2019-05-31,AL,67.0
2019-05-31,AR,74.5
2019-05-31,AZ,60.0
2019-05-31,CA,50.0
2019-05-31,CO,55.0
2019-05-31,CT,69.0
2019-05-31,DE,76.0
2019-05-31,FL,78.5
2019-05-31,GA,61.0
2019-05-31,HI,84.0
2019-05-31,IA,59.0
2019-05-31,ID,
2019-05-31,IL,68.0
2019-05-31,IN,50.5
2019-05-31,KS,55.0
2019-05-31,KY,67.0
2019-05-31,LA,94.5
2019-05-31,MA,57.0
2019-05-31,MD,64.5
2019-05-31,ME,52.5
2019-05-31,MI,50.0
2019-05-31,MN,59.5
2019-05-31,MO,60.5
2019-05-31,MS,93.0
2019-05-31,MT,49.0
2019-05-31,NC,53.5
2019-05-31,ND,
2019-05-31,NE,53.5
2019-05-31,NH,48.0
2019-05-31,NJ,90.5
2019-05-31,NM,54.5
2019-05-31,NV,54.0
2019-05-31,NY,89.0
2019-05-31,OH,62.0
2019-05-31,OK,76.5
2019-05-31,OR,52.0
2019-05-31,PA,61.5
2019-05-31,RI,59.0
2019-05-31,SC,76.0
2019-05-31,SD,61.0
2019-05-31,TN,53.5
2019-05-31,TX,66.0
2019-05-31,UT,44.0
2019-05-31,VA,60.0
2019-05-31,WA,43.0
2019-05-31,WI,48.0
2019-05-31,WV,88.0
2019-05-31,WY,63.0
2019-06-30,AK,
2019-06-30,AL,66.0
2019-06-30,AR,65.5
2019-06-30,AZ,64.0
2019-06-30,CA,52.5
2019-06-30,CO,52.0
2019-06-30,CT,70.0
2019-06-30,DE,79.5
2019-06-30,FL,79.5
2019-06-30,GA,57.5
2019-06-30,HI,90.0
2019-06-30,IA,63.0
2019-06-30,ID,
2019-06-30,IL,71.5
2019-06-30,IN,57.5
2019-06-30,KS,61.5
2019-06-30,KY,67.5
2019-06-30,LA,83.5
2019-06-30,MA,59.0
2019-06-30,MD,71.5
2019-06-30,ME,56.5
2019-06-30,MI,55.5
2019-06-30,MN,57.0
2019-06-30,MO,62.5
2019-06-30,MS,89.0
2019-06-30,MT,55.0
2019-06-30,NC,57.0
2019-06-30,ND,
2019-06-30,NE,60.5
2019-06-30,NH,53.0
2019-06-30,NJ,106.5
2019-06-30,NM,62.5
2019-06-30,NV,60.5
2019-06-30,NY,91.0
2019-06-30,OH,65.0
2019-06-30,OK,69.0
2019-06-30,OR,58.0
2019-06-30,PA,70.0
2019-06-30,RI,67.0
2019-06-30,SC,66.0
2019-06-30,SD,60.0
2019-06-30,TN,56.0
2019-06-30,TX,66.0
2019-06-30,UT,47.0
2019-06-30,VA,63.0
2019-06-30,WA,47.0
2019-06-30,WI,64.0
2019-06-30,WV,67.0
2019-06-30,WY,61.0
2019-07-31,AK,
2019-07-31,AL,67.0
2019-07-31,AR,69.5
2019-07-31,AZ,63.5
2019-07-31,CA,55.0
2019-07-31,CO,54.0
2019-07-31,CT,85.0
2019-07-31,DE,87.5
2019-07-31,FL,79.5
2019-07-31,GA,58.0
2019-07-31,HI,96.0
2019-07-31,IA,67.5
2019-07-31,ID,
2019-07-31,IL,73.0
2019-07-31,IN,58.0
2019-07-31,KS,55.0
2019-07-31,KY,72.0
2019-07-31,LA,88.5
2019-07-31,MA,61.0
2019-07-31,MD,73.0
2019-07-31,ME,61.0
2019-07-31,MI,59.5
2019-07-31,MN,63.5
2019-07-31,MO,61.0
2019-07-31,MS,92.0
2019-07-31,MT,64.0
2019-07-31,NC,61.0
2019-07-31,ND,
2019-07-31,NE,58.0
2019-07-31,NH,52.0
2019-07-31,NJ,95.0
2019-07-31,NM,63.5
2019-07-31,NV,60.5
2019-07-31,NY,99.0
2019-07-31,OH,68.0
2019-07-31,OK,71.0
2019-07-31,OR,58.0
2019-07-31,PA,70.0
2019-07-31,RI,70.0
2019-07-31,SC,69.0
2019-07-31,SD,61.0
2019-07-31,TN,61.0
2019-07-31,TX,67.5
2019-07-31,UT,48.0
2019-07-31,VA,62.0
2019-07-31,WA,50.0
2019-07-31,WI,64.0
2019-07-31,WV,72.0
2019-07-31,WY,66.0
2019-08-31,AK,
2019-08-31,AL,68.0
2019-08-31,AR,74.5
2019-08-31,AZ,70.0
2019-08-31,CA,55.0
2019-08-31,CO,63.0
2019-08-31,CT,97.0
2019-08-31,DE,90.5
2019-08-31,FL,73.0
2019-08-31,GA,61.5
2019-08-31,HI,95.0
2019-08-31,IA,72.0
2019-08-31,ID,
2019-08-31,IL,79.0
2019-08-31,IN,55.0
2019-08-31,KS,69.0
2019-08-31,KY,81.5
2019-08-31,LA,85.0
2019-08-31,MA,65.0
2019-08-31,MD,77.0
2019-08-31,ME,63.5
2019-08-31,MI,59.5
2019-08-31,MN,67.0
2019-08-31,MO,64.5
2019-08-31,MS,97.0
2019-08-31,MT,64.0
2019-08-31,NC,58.0
2019-08-31,ND,
2019-08-31,NE,62.5
2019-08-31,NH,53.0
2019-08-31,NJ,94.5
2019-08-31,NM,68.5
2019-08-31,NV,62.5
2019-08-31,NY,113.0
2019-08-31,OH,66.0
2019-08-31,OK,72.0
2019-08-31,OR,70.0
2019-08-31,PA,70.0
2019-08-31,RI,70.0
2019-08-31,SC,82.0
2019-08-31,SD,54.0
2019-08-31,TN,56.5
2019-08-31,TX,70.0
2019-08-31,UT,51.0
2019-08-31,VA,66.0
2019-08-31,WA,51.0
2019-08-31,WI,67.0
2019-08-31,WV,83.0
2019-08-31,WY,82.0
2019-09-30,AK,
2019-09-30,AL,61.0
2019-09-30,AR,76.5
2019-09-30,AZ,65.0
2019-09-30,CA,58.0
2019-09-30,CO,64.5
2019-09-30,CT,78.0
2019-09-30,DE,90.0
2019-09-30,FL,74.5
2019-09-30,GA,66.5
2019-09-30,HI,101.0
2019-09-30,IA,73.0
2019-09-30,ID,
2019-09-30,IL,89.5
2019-09-30,IN,70.5
2019-09-30,KS,55.0
2019-09-30,KY,77.5
2019-09-30,LA,95.5
2019-09-30,MA,61.0
2019-09-30,MD,79.5
2019-09-30,ME,67.5
2019-09-30,MI,66.0
2019-09-30,MN,72.5
2019-09-30,MO,71.5
2019-09-30,MS,116.0
2019-09-30,MT,72.0
2019-09-30,NC,68.0
2019-09-30,ND,
2019-09-30,NE,60.5
2019-09-30,NH,59.0
2019-09-30,NJ,98.0
2019-09-30,NM,62.0
2019-09-30,NV,68.0
2019-09-30,NY,121.0
2019-09-30,OH,73.0
2019-09-30,OK,77.0
2019-09-30,OR,71.0
2019-09-30,PA,72.5
2019-09-30,RI,68.0
2019-09-30,SC,77.0
2019-09-30,SD,60.0
2019-09-30,TN,63.0
2019-09-30,TX,74.0
2019-09-30,UT,53.0
2019-09-30,VA,75.0
2019-09-30,WA,52.0
2019-09-30,WI,68.5
2019-09-30,WV,79.0
2019-09-30,WY,88.0
2019-10-31,AK,
2019-10-31,AL,75.0
2019-10-31,AR,89.0
2019-10-31,AZ,74.0
2019-10-31,CA,58.0
2019-10-31,CO,74.0
2019-10-31,CT,87.0
2019-10-31,DE,87.0
2019-10-31,FL,73.5
2019-10-31,GA,64.0
2019-10-31,HI,80.0
2019-10-31,IA,77.5
2019-10-31,ID,
2019-10-31,IL,86.5
2019-10-31,IN,61.0
2019-10-31,KS,82.0
2019-10-31,KY,84.0
2019-10-31,LA,95.5
2019-10-31,MA,64.0
2019-10-31,MD,77.0
2019-10-31,ME,77.0
2019-10-31,MI,71.5
2019-10-31,MN,76.0
2019-10-31,MO,72.0
2019-10-31,MS,114.0
2019-10-31,MT,77.0
2019-10-31,NC,59.5
2019-10-31,ND,
2019-10-31,NE,77.0
2019-10-31,NH,65.0
2019-10-31,NJ,101.0
2019-10-31,NM,66.5
2019-10-31,NV,72.5
2019-10-31,NY,121.0
2019-10-31,OH,77.0
2019-10-31,OK,74.5
2019-10-31,OR,77.0
2019-10-31,PA,71.5
2019-10-31,RI,71.0
2019-10-31,SC,75.0
2019-10-31,SD,65.0
2019-10-31,TN,65.0
2019-10-31,TX,68.5
2019-10-31,UT,52.0
2019-10-31,VA,73.0
2019-10-31,WA,54.0
2019-10-31,WI,72.5
2019-10-31,WV,106.0
2019-10-31,WY,91.0
2019-11-30,AK,
2019-11-30,AL,77.0
2019-11-30,AR,93.5
2019-11-30,AZ,83.0
2019-11-30,CA,62.0
2019-11-30,CO,68.0
2019-11-30,CT,90.0
2019-11-30,DE,92.5
2019-11-30,FL,73.0
2019-11-30,GA,63.5
2019-11-30,HI,90.0
2019-11-30,IA,86.5
2019-11-30,ID,
2019-11-30,IL,100.5
2019-11-30,IN,66.5
2019-11-30,KS,83.5
2019-11-30,KY,90.5
2019-11-30,LA,89.0
2019-11-30,MA,69.0
2019-11-30,MD,76.5
2019-11-30,ME,70.5
2019-11-30,MI,75.5
2019-11-30,MN,84.5
2019-11-30,MO,79.0
2019-11-30,MS,100.0
2019-11-30,MT,94.0
2019-11-30,NC,68.0
2019-11-30,ND,
2019-11-30,NE,66.5
2019-11-30,NH,73.0
2019-11-30,NJ,105.5
2019-11-30,NM,72.0
2019-11-30,NV,69.5
2019-11-30,NY,118.0
2019-11-30,OH,74.0
2019-11-30,OK,83.0
2019-11-30,OR,82.0
2019-11-30,PA,80.0
2019-11-30,RI,72.0
2019-11-30,SC,87.0
2019-11-30,SD,83.0
2019-11-30,TN,69.5
2019-11-30,TX,78.5
2019-11-30,UT,64.0
2019-11-30,VA,77.0
2019-11-30,WA,63.0
2019-11-30,WI,73.0
2019-11-30,WV,112.0
2019-11-30,WY,112.0
2019-12-31,AK,
2019-12-31,AL,88.0
2019-12-31,AR,114.0
2019-12-31,AZ,83.0
2019-12-31,CA,69.0
2019-12-31,CO,81.0
2019-12-31,CT,101.0
2019-12-31,DE,96.0
2019-12-31,FL,80.0
2019-12-31,GA,75.0
2019-12-31,HI,85.0
2019-12-31,IA,104.0
2019-12-31,ID,
2019-12-31,IL,104.5
2019-12-31,IN,92.5
2019-12-31,KS,93.0
2019-12-31,KY,94.0
2019-12-31,LA,101.0
2019-12-31,MA,90.0
2019-12-31,MD,92.0
2019-12-31,ME,99.0
2019-12-31,MI,93.5
2019-12-31,MN,106.5
2019-12-31,MO,89.5
2019-12-31,MS,116.0
2019-12-31,MT,88.0
2019-12-31,NC,73.5
2019-12-31,ND,
2019-12-31,NE,88.0
2019-12-31,NH,90.0
2019-12-31,NJ,122.5
2019-12-31,NM,85.0
2019-12-31,NV,93.0
2019-12-31,NY,137.0
2019-12-31,OH,85.0
2019-12-31,OK,86.5
2019-12-31,OR,83.0
2019-12-31,PA,91.5
2019-12-31,RI,86.0
2019-12-31,SC,93.0
2019-12-31,SD,74.0
2019-12-31,TN,84.5
2019-12-31,TX,82.0
2019-12-31,UT,64.0
2019-12-31,VA,90.0
2019-12-31,WA,66.0
2019-12-31,WI,85.5
2019-12-31,WV,108.0
2019-12-31,WY,112.0
2020-01-31,AK,
2020-01-31,AL,84.5
2020-01-31,AR,102.0
2020-01-31,AZ,82.0
2020-01-31,CA,65.5
2020-01-31,CO,81.0
2020-01-31,CT,116.0
2020-01-31,DE,115.0
2020-01-31,FL,81.5
2020-01-31,GA,82.5
2020-01-31,HI,94.0
2020-01-31,IA,115.0
2020-01-31,ID,
2020-01-31,IL,116.5
2020-01-31,IN,97.0
2020-01-31,KS,80.5
2020-01-31,KY,109.0
2020-01-31,LA,112.0
2020-01-31,MA,93.0
2020-01-31,MD,105.0
2020-01-31,ME,99.0
2020-01-31,MI,94.0
2020-01-31,MN,96.5
2020-01-31,MO,105.0
2020-01-31,MS,123.0
2020-01-31,MT,94.5
2020-01-31,NC,74.0
2020-01-31,ND,
2020-01-31,NE,89.0
2020-01-31,NH,80.0
2020-01-31,NJ,121.5
2020-01-31,NM,91.0
2020-01-31,NV,67.0
2020-01-31,NY,145.5
2020-01-31,OH,89.0
2020-01-31,OK,107.5
2020-01-31,OR,87.0
2020-01-31,PA,92.5
2020-01-31,RI,91.0
2020-01-31,SC,95.0
2020-01-31,SD,100.0
2020-01-31,TN,85.0
2020-01-31,TX,95.0
2020-01-31,UT,50.0
2020-01-31,VA,93.0
2020-01-31,WA,63.0
2020-01-31,WI,84.0
2020-01-31,WV,112.0
2020-01-31,WY,103.0
2020-02-29,AK,
2020-02-29,AL,70.5
2020-02-29,AR,75.0
2020-02-29,AZ,60.0
2020-02-29,CA,44.0
2020-02-29,CO,65.0
2020-02-29,CT,76.0
2020-02-29,DE,76.5
2020-02-29,FL,68.0
2020-02-29,GA,62.0
2020-02-29,HI,107.0
2020-02-29,IA,90.0
2020-02-29,ID,
2020-02-29,IL,106.5
2020-02-29,IN,65.0
2020-02-29,KS,63.5
2020-02-29,KY,81.0
2020-02-29,LA,87.0
2020-02-29,MA,61.0
2020-02-29,MD,64.5
2020-02-29,ME,63.5
2020-02-29,MI,64.5
2020-02-29,MN,64.0
2020-02-29,MO,77.0
2020-02-29,MS,74.0
2020-02-29,MT,66.0
2020-02-29,NC,62.0
2020-02-29,ND,
2020-02-29,NE,63.0
2020-02-29,NH,51.0
2020-02-29,NJ,101.0
2020-02-29,NM,57.5
2020-02-29,NV,50.5
2020-02-29,NY,133.5
2020-02-29,OH,65.5
2020-02-29,OK,63.0
2020-02-29,OR,61.0
2020-02-29,PA,65.5
2020-02-29,RI,63.0
2020-02-29,SC,72.0
2020-02-29,SD,73.0
2020-02-29,TN,63.5
2020-02-29,TX,72.0
2020-02-29,UT,41.0
2020-02-29,VA,65.0
2020-02-29,WA,44.0
2020-02-29,WI,69.0
2020-02-29,WV,71.0
2020-02-29,WY,113.0
2020-03-31,AK,
2020-03-31,AL,59.0
2020-03-31,AR,67.0
2020-03-31,AZ,52.0
2020-03-31,CA,44.0
2020-03-31,CO,51.5
2020-03-31,CT,63.0
2020-03-31,DE,70.5
2020-03-31,FL,66.0
2020-03-31,GA,53.0
2020-03-31,HI,89.0
2020-03-31,IA,79.0
2020-03-31,ID,
2020-03-31,IL,77.5
2020-03-31,IN,53.0
2020-03-31,KS,56.5
2020-03-31,KY,73.0
2020-03-31,LA,84.5
2020-03-31,MA,52.0
2020-03-31,MD,55.5
2020-03-31,ME,51.0
2020-03-31,MI,53.5
2020-03-31,MN,55.5
2020-03-31,MO,62.0
2020-03-31,MS,80.0
2020-03-31,MT,52.0
2020-03-31,NC,56.0
2020-03-31,ND,
2020-03-31,NE,45.0
2020-03-31,NH,41.0
2020-03-31,NJ,101.0
2020-03-31,NM,48.0
2020-03-31,NV,50.5
2020-03-31,NY,104.5
2020-03-31,OH,53.5
2020-03-31,OK,67.5
2020-03-31,OR,49.5
2020-03-31,PA,58.5
2020-03-31,RI,58.0
2020-03-31,SC,65.0
2020-03-31,SD,85.5
2020-03-31,TN,50.0
2020-03-31,TX,63.5
2020-03-31,UT,36.0
2020-03-31,VA,52.0
2020-03-31,WA,41.5
2020-03-31,WI,46.0
2020-03-31,WV,77.0
2020-03-31,WY,60.0
2020-04-30,AK,
2020-04-30,AL,58.0
2020-04-30,AR,75.0
2020-04-30,AZ,60.0
2020-04-30,CA,53.0
2020-04-30,CO,56.5
2020-04-30,CT,71.0
2020-04-30,DE,84.0
2020-04-30,FL,73.5
2020-04-30,GA,58.0
2020-04-30,HI,94.0
2020-04-30,IA,76.5
2020-04-30,ID,
2020-04-30,IL,76.0
2020-04-30,IN,56.5
2020-04-30,KS,61.5
2020-04-30,KY,58.0
2020-04-30,LA,93.5
2020-04-30,MA,58.0
2020-04-30,MD,66.0
2020-04-30,ME,53.0
2020-04-30,MI,75.5
2020-04-30,MN,57.0
2020-04-30,MO,67.0
2020-04-30,MS,80.0
2020-04-30,MT,59.0
2020-04-30,NC,61.0
2020-04-30,ND,
2020-04-30,NE,54.0
2020-04-30,NH,48.5
2020-04-30,NJ,100.5
2020-04-30,NM,57.0
2020-04-30,NV,56.0
2020-04-30,NY,121.5
2020-04-30,OH,63.0
2020-04-30,OK,77.0
2020-04-30,OR,58.0
2020-04-30,PA,79.5
2020-04-30,RI,63.0
2020-04-30,SC,72.5
2020-04-30,SD,57.5
2020-04-30,TN,57.0
2020-04-30,TX,69.0
2020-04-30,UT,43.0
2020-04-30,VA,57.0
2020-04-30,WA,48.5
2020-04-30,WI,58.5
2020-04-30,WV,107.0
2020-04-30,WY,59.0
2020-05-31,AK,
2020-05-31,AL,61.5
2020-05-31,AR,63.5
2020-05-31,AZ,62.0
2020-05-31,CA,51.0
2020-05-31,CO,59.0
2020-05-31,CT,70.0
2020-05-31,DE,81.5
2020-05-31,FL,83.0
2020-05-31,GA,59.0
2020-05-31,HI,88.0
2020-05-31,IA,86.0
2020-05-31,ID,
2020-05-31,IL,72.5
2020-05-31,IN,62.5
2020-05-31,KS,60.5
2020-05-31,KY,71.0
2020-05-31,LA,85.5
2020-05-31,MA,56.0
2020-05-31,MD,68.0
2020-05-31,ME,49.5
2020-05-31,MI,64.5
2020-05-31,MN,62.0
2020-05-31,MO,75.0
2020-05-31,MS,98.0
2020-05-31,MT,57.0
2020-05-31,NC,59.0
2020-05-31,ND,
2020-05-31,NE,55.0
2020-05-31,NH,51.5
2020-05-31,NJ,119.5
2020-05-31,NM,57.0
2020-05-31,NV,57.0
2020-05-31,NY,121.5
2020-05-31,OH,55.5
2020-05-31,OK,71.0
2020-05-31,OR,60.0
2020-05-31,PA,79.0
2020-05-31,RI,59.0
2020-05-31,SC,68.0
2020-05-31,SD,76.5
2020-05-31,TN,63.0
2020-05-31,TX,66.0
2020-05-31,UT,42.0
2020-05-31,VA,60.0
2020-05-31,WA,46.0
2020-05-31,WI,66.0
2020-05-31,WV,85.5
2020-05-31,WY,74.0
2020-06-30,AK,
2020-06-30,AL,57.0
2020-06-30,AR,56.0
2020-06-30,AZ,60.0
2020-06-30,CA,49.0
2020-06-30,CO,52.0
2020-06-30,CT,59.0
2020-06-30,DE,73.0
2020-06-30,FL,72.0
2020-06-30,GA,51.5
2020-06-30,HI,79.0
2020-06-30,IA,74.0
2020-06-30,ID,
2020-06-30,IL,62.0
2020-06-30,IN,34.0
2020-06-30,KS,53.5
2020-06-30,KY,58.5
2020-06-30,LA,75.0
2020-06-30,MA,52.0
2020-06-30,MD,60.0
2020-06-30,ME,55.0
2020-06-30,MI,57.5
2020-06-30,MN,64.0
2020-06-30,MO,56.0
2020-06-30,MS,82.0
2020-06-30,MT,58.0
2020-06-30,NC,54.0
2020-06-30,ND,
2020-06-30,NE,58.5
2020-06-30,NH,53.5
2020-06-30,NJ,89.0
2020-06-30,NM,50.0
2020-06-30,NV,56.0
2020-06-30,NY,89.0
2020-06-30,OH,49.5
2020-06-30,OK,55.5
2020-06-30,OR,56.0
2020-06-30,PA,62.0
2020-06-30,RI,56.0
2020-06-30,SC,62.0
2020-06-30,SD,70.0
2020-06-30,TN,56.0
2020-06-30,TX,63.5
2020-06-30,UT,43.0
2020-06-30,VA,53.0
2020-06-30,WA,44.5
2020-06-30,WI,65.5
2020-06-30,WV,88.0
2020-06-30,WY,62.0
2020-07-31,AK,
2020-07-31,AL,53.0
2020-07-31,AR,67.0
2020-07-31,AZ,55.0
2020-07-31,CA,46.5
2020-07-31,CO,56.0
2020-07-31,CT,62.0
2020-07-31,DE,64.0
2020-07-31,FL,65.0
2020-07-31,GA,52.0
2020-07-31,HI,81.0
2020-07-31,IA,68.5
2020-07-31,ID,
2020-07-31,IL,64.5
2020-07-31,IN,46.5
2020-07-31,KS,52.0
2020-07-31,KY,53.5
2020-07-31,LA,74.0
2020-07-31,MA,52.0
2020-07-31,MD,57.5
2020-07-31,ME,52.0
2020-07-31,MI,52.0
2020-07-31,MN,63.0
2020-07-31,MO,55.0
2020-07-31,MS,74.0
2020-07-31,MT,51.0
2020-07-31,NC,54.0
2020-07-31,ND,
2020-07-31,NE,55.0
2020-07-31,NH,53.5
2020-07-31,NJ,82.5
2020-07-31,NM,49.0
2020-07-31,NV,57.0
2020-07-31,NY,82.0
2020-07-31,OH,49.5
2020-07-31,OK,63.0
2020-07-31,OR,53.0
2020-07-31,PA,58.0
2020-07-31,RI,54.0
2020-07-31,SC,62.0
2020-07-31,SD,72.5
2020-07-31,TN,55.5
2020-07-31,TX,61.0
2020-07-31,UT,38.0
2020-07-31,VA,54.0
2020-07-31,WA,43.0
2020-07-31,WI,58.0
2020-07-31,WV,67.5
2020-07-31,WY,73.0
2020-08-31,AK,
2020-08-31,AL,54.5
2020-08-31,AR,56.5
2020-08-31,AZ,49.0
2020-08-31,CA,45.0
2020-08-31,CO,64.0
2020-08-31,CT,60.0
2020-08-31,DE,62.0
2020-08-31,FL,60.0
2020-08-31,GA,48.5
2020-08-31,HI,82.0
2020-08-31,IA,68.5
2020-08-31,ID,
2020-08-31,IL,65.0
2020-08-31,IN,49.0
2020-08-31,KS,54.0
2020-08-31,KY,55.0
2020-08-31,LA,79.0
2020-08-31,MA,53.0
2020-08-31,MD,57.5
2020-08-31,ME,51.5
2020-08-31,MI,55.0
2020-08-31,MN,65.0
2020-08-31,MO,57.0
2020-08-31,MS,59.0
2020-08-31,MT,47.5
2020-08-31,NC,53.5
2020-08-31,ND,
2020-08-31,NE,55.5
2020-08-31,NH,54.0
2020-08-31,NJ,61.0
2020-08-31,NM,51.0
2020-08-31,NV,52.0
2020-08-31,NY,86.5
2020-08-31,OH,51.5
2020-08-31,OK,63.5
2020-08-31,OR,52.0
2020-08-31,PA,61.5
2020-08-31,RI,52.0
2020-08-31,SC,60.0
2020-08-31,SD,77.5
2020-08-31,TN,52.0
2020-08-31,TX,58.0
2020-08-31,UT,37.0
2020-08-31,VA,51.0
2020-08-31,WA,44.0
2020-08-31,WI,62.5
2020-08-31,WV,64.5
2020-08-31,WY,77.0
2020-09-30,AK,
2020-09-30,AL,56.0
2020-09-30,AR,58.0
2020-09-30,AZ,50.0
2020-09-30,CA,46.0
2020-09-30,CO,65.0
2020-09-30,CT,65.0
2020-09-30,DE,73.5
2020-09-30,FL,61.0
2020-09-30,GA,51.5
2020-09-30,HI,83.0
2020-09-30,IA,67.0
2020-09-30,ID,
2020-09-30,IL,69.5
2020-09-30,IN,54.0
2020-09-30,KS,58.0
2020-09-30,KY,62.0
2020-09-30,LA,76.5
2020-09-30,MA,55.0
2020-09-30,MD,71.5
2020-09-30,ME,55.0
2020-09-30,MI,55.0
2020-09-30,MN,63.0
2020-09-30,MO,54.0
2020-09-30,MS,89.0
2020-09-30,MT,42.5
2020-09-30,NC,49.5
2020-09-30,ND,
2020-09-30,NE,44.5
2020-09-30,NH,49.0
2020-09-30,NJ,76.0
2020-09-30,NM,49.0
2020-09-30,NV,54.0
2020-09-30,NY,99.0
2020-09-30,OH,52.5
2020-09-30,OK,60.5
2020-09-30,OR,53.5
2020-09-30,PA,68.5
2020-09-30,RI,55.0
2020-09-30,SC,61.5
2020-09-30,SD,81.5
2020-09-30,TN,52.0
2020-09-30,TX,66.0
2020-09-30,UT,38.0
2020-09-30,VA,57.0
2020-09-30,WA,47.0
2020-09-30,WI,62.5
2020-09-30,WV,88.0
2020-09-30,WY,91.0
2020-10-31,AK,
2020-10-31,AL,57.0
2020-10-31,AR,52.0
2020-10-31,AZ,51.0
2020-10-31,CA,45.5
2020-10-31,CO,55.0
2020-10-31,CT,62.0
2020-10-31,DE,42.5
2020-10-31,FL,58.5
2020-10-31,GA,49.0
2020-10-31,HI,83.0
2020-10-31,IA,63.0
2020-10-31,ID,
2020-10-31,IL,65.5
2020-10-31,IN,47.0
2020-10-31,KS,54.5
2020-10-31,KY,58.0
2020-10-31,LA,76.0
2020-10-31,MA,56.0
2020-10-31,MD,50.0
2020-10-31,ME,48.5
2020-10-31,MI,56.0
2020-10-31,MN,65.0
2020-10-31,MO,55.0
2020-10-31,MS,60.0
2020-10-31,MT,43.5
2020-10-31,NC,49.0
2020-10-31,ND,
2020-10-31,NE,47.0
2020-10-31,NH,45.5
2020-10-31,NJ,71.5
2020-10-31,NM,53.0
2020-10-31,NV,56.0
2020-10-31,NY,94.5
2020-10-31,OH,51.5
2020-10-31,OK,53.0
2020-10-31,OR,56.0
2020-10-31,PA,46.5
2020-10-31,RI,58.0
2020-10-31,SC,56.0
2020-10-31,SD,88.5
2020-10-31,TN,52.0
2020-10-31,TX,60.5
2020-10-31,UT,38.0
2020-10-31,VA,51.0
2020-10-31,WA,47.0
2020-10-31,WI,57.5
2020-10-31,WV,75.5
2020-10-31,WY,82.0
2020-11-30,AK,
2020-11-30,AL,55.0
2020-11-30,AR,53.0
2020-11-30,AZ,50.5
2020-11-30,CA,45.0
2020-11-30,CO,53.5
2020-11-30,CT,63.0
2020-11-30,DE,55.5
2020-11-30,FL,58.5
2020-11-30,GA,51.0
2020-11-30,HI,100.0
2020-11-30,IA,66.5
2020-11-30,ID,
2020-11-30,IL,66.5
2020-11-30,IN,51.0
2020-11-30,KS,57.5
2020-11-30,KY,59.0
2020-11-30,LA,77.0
2020-11-30,MA,57.0
2020-11-30,MD,53.0
2020-11-30,ME,60.5
2020-11-30,MI,60.0
2020-11-30,MN,74.0
2020-11-30,MO,56.0
2020-11-30,MS,66.0
2020-11-30,MT,54.5
2020-11-30,NC,52.5
2020-11-30,ND,
2020-11-30,NE,50.5
2020-11-30,NH,56.5
2020-11-30,NJ,78.5
2020-11-30,NM,50.0
2020-11-30,NV,59.0
2020-11-30,NY,95.5
2020-11-30,OH,58.5
2020-11-30,OK,69.5
2020-11-30,OR,52.0
2020-11-30,PA,58.0
2020-11-30,RI,58.0
2020-11-30,SC,62.0
2020-11-30,SD,65.5
2020-11-30,TN,52.5
2020-11-30,TX,61.0
2020-11-30,UT,37.0
2020-11-30,VA,56.0
2020-11-30,WA,46.5
2020-11-30,WI,68.0
2020-11-30,WV,88.5
2020-11-30,WY,70.0
2020-12-31,AK,
2020-12-31,AL,61.5
2020-12-31,AR,59.5
2020-12-31,AZ,52.5
2020-12-31,CA,47.0
2020-12-31,CO,56.0
2020-12-31,CT,69.0
2020-12-31,DE,63.0
2020-12-31,FL,62.0
2020-12-31,GA,51.5
2020-12-31,HI,77.0
2020-12-31,IA,74.5
2020-12-31,ID,
2020-12-31,IL,71.0
2020-12-31,IN,60.0
2020-12-31,KS,68.5
2020-12-31,KY,58.0
2020-12-31,LA,66.0
2020-12-31,MA,62.0
2020-12-31,MD,62.5
2020-12-31,ME,67.0
2020-12-31,MI,60.0
2020-12-31,MN,71.0
2020-12-31,MO,63.0
2020-12-31,MS,68.0
2020-12-31,MT,52.5
2020-12-31,NC,53.0
2020-12-31,ND,
2020-12-31,NE,48.5
2020-12-31,NH,62.0
2020-12-31,NJ,91.0
2020-12-31,NM,55.0
2020-12-31,NV,62.0
2020-12-31,NY,106.5
2020-12-31,OH,61.5
2020-12-31,OK,73.0
2020-12-31,OR,53.5
2020-12-31,PA,67.0
2020-12-31,RI,65.0
2020-12-31,SC,63.0
2020-12-31,SD,63.0
2020-12-31,TN,55.5
2020-12-31,TX,62.5
2020-12-31,UT,39.0
2020-12-31,VA,57.0
2020-12-31,WA,47.0
2020-12-31,WI,67.0
2020-12-31,WV,88.0
2020-12-31,WY,59.5
2021-01-31,AK,
2021-01-31,AL,71.0
2021-01-31,AR,57.5
2021-01-31,AZ,50.0
2021-01-31,CA,46.5
2021-01-31,CO,55.0
2021-01-31,CT,78.0
2021-01-31,DE,63.5
2021-01-31,FL,64.0
2021-01-31,GA,51.5
2021-01-31,HI,90.5
2021-01-31,IA,73.0
2021-01-31,ID,
2021-01-31,IL,82.0
2021-01-31,IN,43.5
2021-01-31,KS,65.5
2021-01-31,KY,64.5
2021-01-31,LA,71.0
2021-01-31,MA,58.0
2021-01-31,MD,64.5
2021-01-31,ME,86.0
2021-01-31,MI,69.0
2021-01-31,MN,79.0
2021-01-31,MO,61.0
2021-01-31,MS,76.0
2021-01-31,MT,47.0
2021-01-31,NC,53.5
2021-01-31,ND,
2021-01-31,NE,45.0
2021-01-31,NH,66.0
2021-01-31,NJ,84.0
2021-01-31,NM,56.0
2021-01-31,NV,59.5
2021-01-31,NY,119.5
2021-01-31,OH,59.5
2021-01-31,OK,71.0
2021-01-31,OR,58.0
2021-01-31,PA,69.0
2021-01-31,RI,70.0
2021-01-31,SC,67.5
2021-01-31,SD,63.5
2021-01-31,TN,62.0
2021-01-31,TX,65.5
2021-01-31,UT,32.0
2021-01-31,VA,57.0
2021-01-31,WA,46.0
2021-01-31,WI,65.0
2021-01-31,WV,77.0
2021-01-31,WY,57.5
2021-02-28,AK,
2021-02-28,AL,47.0
2021-02-28,AR,48.5
2021-02-28,AZ,43.5
2021-02-28,CA,39.0
2021-02-28,CO,42.0
2021-02-28,CT,55.0
2021-02-28,DE,56.5
2021-02-28,FL,51.0
2021-02-28,GA,41.0
2021-02-28,HI,74.5
2021-02-28,IA,60.0
2021-02-28,ID,
2021-02-28,IL,69.0
2021-02-28,IN,40.0
2021-02-28,KS,54.0
2021-02-28,KY,55.0
2021-02-28,LA,58.0
2021-02-28,MA,54.0
2021-02-28,MD,60.0
2021-02-28,ME,55.0
2021-02-28,MI,46.0
2021-02-28,MN,55.0
2021-02-28,MO,50.0
2021-02-28,MS,77.0
2021-02-28,MT,45.5
2021-02-28,NC,44.0
2021-02-28,ND,
2021-02-28,NE,36.0
2021-02-28,NH,51.0
2021-02-28,NJ,85.5
2021-02-28,NM,46.0
2021-02-28,NV,41.5
2021-02-28,NY,89.0
2021-02-28,OH,42.5
2021-02-28,OK,82.0
2021-02-28,OR,44.0
2021-02-28,PA,54.5
2021-02-28,RI,46.0
2021-02-28,SC,52.0
2021-02-28,SD,70.0
2021-02-28,TN,44.5
2021-02-28,TX,60.0
2021-02-28,UT,32.0
2021-02-28,VA,45.0
2021-02-28,WA,41.0
2021-02-28,WI,52.0
2021-02-28,WV,61.0
2021-02-28,WY,48.5
2021-03-31,AK,
2021-03-31,AL,46.5
2021-03-31,AR,47.5
2021-03-31,AZ,42.5
2021-03-31,CA,40.0
2021-03-31,CO,44.0
2021-03-31,CT,54.0
2021-03-31,DE,50.5
2021-03-31,FL,48.5
2021-03-31,GA,40.5
2021-03-31,HI,72.5
2021-03-31,IA,54.0
2021-03-31,ID,23.5
2021-03-31,IL,54.5
2021-03-31,IN,43.0
2021-03-31,KS,43.0
2021-03-31,KY,47.0
2021-03-31,LA,57.0
2021-03-31,MA,51.0
2021-03-31,MD,54.0
2021-03-31,ME,49.5
2021-03-31,MI,49.0
2021-03-31,MN,55.0
2021-03-31,MO,47.0
2021-03-31,MS,56.0
2021-03-31,MT,45.5
2021-03-31,NC,43.0
2021-03-31,ND,60.0
2021-03-31,NE,43.5
2021-03-31,NH,50.0
2021-03-31,NJ,66.0
2021-03-31,NM,45.0
2021-03-31,NV,43.5
2021-03-31,NY,75.5
2021-03-31,OH,48.0
2021-03-31,OK,39.5
2021-03-31,OR,45.0
2021-03-31,PA,52.5
2021-03-31,RI,52.0
2021-03-31,SC,48.5
2021-03-31,SD,51.5
2021-03-31,TN,44.0
2021-03-31,TX,58.0
2021-03-31,UT,37.0
2021-03-31,VA,44.0
2021-03-31,WA,39.0
2021-03-31,WI,44.5
2021-03-31,WV,70.0
2021-03-31,WY,50.5
2021-04-30,AK,
2021-04-30,AL,46.5
2021-04-30,AR,44.0
2021-04-30,AZ,43.0
2021-04-30,CA,39.0
2021-04-30,CO,44.0
2021-04-30,CT,55.0
2021-04-30,DE,51.5
2021-04-30,FL,49.5
2021-04-30,GA,41.0
2021-04-30,HI,63.0
2021-04-30,IA,50.5
2021-04-30,ID,
2021-04-30,IL,52.0
2021-04-30,IN,43.0
2021-04-30,KS,44.0
2021-04-30,KY,47.0
2021-04-30,LA,48.0
2021-04-30,MA,52.0
2021-04-30,MD,51.0
2021-04-30,ME,50.0
2021-04-30,MI,48.0
2021-04-30,MN,53.5
2021-04-30,MO,44.0
2021-04-30,MS,54.0
2021-04-30,MT,42.5
2021-04-30,NC,45.0
2021-04-30,ND,30.0
2021-04-30,NE,42.5
2021-04-30,NH,49.0
2021-04-30,NJ,68.5
2021-04-30,NM,43.0
2021-04-30,NV,42.5
2021-04-30,NY,73.0
2021-04-30,OH,45.0
2021-04-30,OK,48.5
2021-04-30,OR,43.0
2021-04-30,PA,52.0
2021-04-30,RI,52.0
2021-04-30,SC,48.5
2021-04-30,SD,43.0
2021-04-30,TN,44.0
2021-04-30,TX,47.0
2021-04-30,UT,34.0
2021-04-30,VA,43.0
2021-04-30,WA,41.0
2021-04-30,WI,44.0
2021-04-30,WV,54.0
2021-04-30,WY,45.5
2021-05-31,AK,
2021-05-31,AL,47.0
2021-05-31,AR,45.5
2021-05-31,AZ,42.0
2021-05-31,CA,39.0
2021-05-31,CO,42.0
2021-05-31,CT,55.0
2021-05-31,DE,52.5
2021-05-31,FL,48.0
2021-05-31,GA,40.0
2021-05-31,HI,61.5
2021-05-31,IA,49.0
2021-05-31,ID,37.0
2021-05-31,IL,51.0
2021-05-31,IN,42.0
2021-05-31,KS,42.0
2021-05-31,KY,47.0
2021-05-31,LA,48.0
2021-05-31,MA,53.0
2021-05-31,MD,54.0
2021-05-31,ME,50.5
2021-05-31,MI,47.0
2021-05-31,MN,53.0
2021-05-31,MO,45.0
2021-05-31,MS,48.0
2021-05-31,MT,45.0
2021-05-31,NC,44.0
2021-05-31,ND,41.5
2021-05-31,NE,42.0
2021-05-31,NH,51.5
2021-05-31,NJ,67.5
2021-05-31,NM,44.0
2021-05-31,NV,39.0
2021-05-31,NY,70.5
2021-05-31,OH,47.0
2021-05-31,OK,52.0
2021-05-31,OR,44.0
2021-05-31,PA,51.0
2021-05-31,RI,56.0
2021-05-31,SC,47.5
2021-05-31,SD,51.0
2021-05-31,TN,45.0
2021-05-31,TX,46.0
2021-05-31,UT,32.0
2021-05-31,VA,42.0
2021-05-31,WA,39.0
2021-05-31,WI,40.0
2021-05-31,WV,54.5
2021-05-31,WY,47.0
2021-06-30,AK,
2021-06-30,AL,47.0
2021-06-30,AR,44.0
2021-06-30,AZ,43.0
2021-06-30,CA,40.0
2021-06-30,CO,43.0
2021-06-30,CT,59.0
2021-06-30,DE,53.0
2021-06-30,FL,50.0
2021-06-30,GA,41.0
2021-06-30,HI,60.0
2021-06-30,IA,52.0
2021-06-30,ID,38.0
2021-06-30,IL,54.5
2021-06-30,IN,44.0
2021-06-30,KS,45.0
2021-06-30,KY,48.0
2021-06-30,LA,50.0
2021-06-30,MA,54.0
2021-06-30,MD,56.0
2021-06-30,ME,41.0
2021-06-30,MI,49.0
2021-06-30,MN,57.5
2021-06-30,MO,45.0
2021-06-30,MS,48.0
2021-06-30,MT,45.5
2021-06-30,NC,46.0
2021-06-30,ND,61.0
2021-06-30,NE,41.5
2021-06-30,NH,51.0
2021-06-30,NJ,71.5
2021-06-30,NM,45.0
2021-06-30,NV,40.0
2021-06-30,NY,75.0
2021-06-30,OH,48.5
2021-06-30,OK,53.0
2021-06-30,OR,45.0
2021-06-30,PA,53.0
2021-06-30,RI,42.0
2021-06-30,SC,50.5
2021-06-30,SD,54.0
2021-06-30,TN,45.0
2021-06-30,TX,45.0
2021-06-30,UT,34.0
2021-06-30,VA,43.0
2021-06-30,WA,39.0
2021-06-30,WI,34.0
2021-06-30,WV,61.0
2021-06-30,WY,47.5
2021-07-31,AK,
2021-07-31,AL,45.0
2021-07-31,AR,40.0
2021-07-31,AZ,45.0
2021-07-31,CA,40.0
2021-07-31,CO,44.0
2021-07-31,CT,57.0
2021-07-31,DE,54.5
2021-07-31,FL,48.5
2021-07-31,GA,40.0
2021-07-31,HI,62.5
2021-07-31,IA,53.0
2021-07-31,ID,39.5
2021-07-31,IL,52.5
2021-07-31,IN,44.0
2021-07-31,KS,50.0
2021-07-31,KY,47.0
2021-07-31,LA,48.0
2021-07-31,MA,53.0
2021-07-31,MD,55.5
2021-07-31,ME,47.0
2021-07-31,MI,49.0
2021-07-31,MN,58.0
2021-07-31,MO,46.5
2021-07-31,MS,49.5
2021-07-31,MT,45.0
2021-07-31,NC,47.0
2021-07-31,ND,67.0
2021-07-31,NE,42.5
2021-07-31,NH,51.5
2021-07-31,NJ,75.5
2021-07-31,NM,46.0
2021-07-31,NV,41.5
2021-07-31,NY,76.5
2021-07-31,OH,48.0
2021-07-31,OK,54.5
2021-07-31,OR,46.0
2021-07-31,PA,54.0
2021-07-31,RI,51.0
2021-07-31,SC,46.0
2021-07-31,SD,50.5
2021-07-31,TN,46.0
2021-07-31,TX,47.0
2021-07-31,UT,35.0
2021-07-31,VA,46.0
2021-07-31,WA,42.0
2021-07-31,WI,59.0
2021-07-31,WV,61.0
2021-07-31,WY,49.0
2021-08-31,AK,
2021-08-31,AL,48.0
2021-08-31,AR,44.0
2021-08-31,AZ,47.0
2021-08-31,CA,41.0
2021-08-31,CO,45.0
2021-08-31,CT,59.0
2021-08-31,DE,54.5
2021-08-31,FL,49.0
2021-08-31,GA,41.0
2021-08-31,HI,61.5
2021-08-31,IA,52.5
2021-08-31,ID,40.5
2021-08-31,IL,54.0
2021-08-31,IN,45.0
2021-08-31,KS,43.0
2021-08-31,KY,47.0
2021-08-31,LA,46.5
2021-08-31,MA,55.0
2021-08-31,MD,57.0
2021-08-31,ME,52.5
2021-08-31,MI,50.0
2021-08-31,MN,56.5
2021-08-31,MO,47.0
2021-08-31,MS,50.5
2021-08-31,MT,45.0
2021-08-31,NC,45.0
2021-08-31,ND,71.0
2021-08-31,NE,42.5
2021-08-31,NH,56.5
2021-08-31,NJ,77.5
2021-08-31,NM,45.0
2021-08-31,NV,44.5
2021-08-31,NY,81.0
2021-08-31,OH,50.5
2021-08-31,OK,53.5
2021-08-31,OR,46.0
2021-08-31,PA,56.0
2021-08-31,RI,55.0
2021-08-31,SC,47.5
2021-08-31,SD,55.0
2021-08-31,TN,45.0
2021-08-31,TX,51.0
2021-08-31,UT,35.0
2021-08-31,VA,46.0
2021-08-31,WA,40.0
2021-08-31,WI,56.0
2021-08-31,WV,53.5
2021-08-31,WY,51.5
2021-09-30,AK,
2021-09-30,AL,51.0
2021-09-30,AR,48.0
2021-09-30,AZ,48.0
2021-09-30,CA,42.0
2021-09-30,CO,48.5
2021-09-30,CT,61.0
2021-09-30,DE,57.0
2021-09-30,FL,49.0
2021-09-30,GA,42.5
2021-09-30,HI,59.0
2021-09-30,IA,55.5
2021-09-30,ID,44.5
2021-09-30,IL,55.0
2021-09-30,IN,46.0
2021-09-30,KS,42.0
2021-09-30,KY,50.0
2021-09-30,LA,58.0
2021-09-30,MA,55.0
2021-09-30,MD,59.5
2021-09-30,ME,54.5
2021-09-30,MI,50.0
2021-09-30,MN,57.5
2021-09-30,MO,48.5
2021-09-30,MS,49.5
2021-09-30,MT,47.0
2021-09-30,NC,48.0
2021-09-30,ND,75.0
2021-09-30,NE,48.0
2021-09-30,NH,52.5
2021-09-30,NJ,76.5
2021-09-30,NM,46.0
2021-09-30,NV,43.0
2021-09-30,NY,85.5
2021-09-30,OH,52.5
2021-09-30,OK,58.0
2021-09-30,OR,50.0
2021-09-30,PA,56.0
2021-09-30,RI,55.0
2021-09-30,SC,48.5
2021-09-30,SD,60.5
2021-09-30,TN,46.0
2021-09-30,TX,53.0
2021-09-30,UT,36.0
2021-09-30,VA,46.0
2021-09-30,WA,41.0
2021-09-30,WI,63.0
2021-09-30,WV,57.5
2021-09-30,WY,55.5
2021-10-31,AK,74.0
2021-10-31,AL,48.0
2021-10-31,AR,46.0
2021-10-31,AZ,50.5
2021-10-31,CA,41.0
2021-10-31,CO,47.0
2021-10-31,CT,61.0
2021-10-31,DE,57.0
2021-10-31,FL,49.0
2021-10-31,GA,41.0
2021-10-31,HI,58.5
2021-10-31,IA,56.0
2021-10-31,ID,45.0
2021-10-31,IL,57.5
2021-10-31,IN,46.0
2021-10-31,KS,45.5
2021-10-31,KY,52.0
2021-10-31,LA,52.0
2021-10-31,MA,53.0
2021-10-31,MD,62.5
2021-10-31,ME,54.0
2021-10-31,MI,50.0
2021-10-31,MN,63.0
2021-10-31,MO,50.0
2021-10-31,MS,38.0
2021-10-31,MT,48.0
2021-10-31,NC,46.0
2021-10-31,ND,81.0
2021-10-31,NE,44.5
2021-10-31,NH,57.0
2021-10-31,NJ,77.5
2021-10-31,NM,45.5
2021-10-31,NV,42.5
2021-10-31,NY,85.5
2021-10-31,OH,51.0
2021-10-31,OK,58.0
2021-10-31,OR,49.0
2021-10-31,PA,58.0
2021-10-31,RI,55.0
2021-10-31,SC,48.5
2021-10-31,SD,56.0
2021-10-31,TN,47.0
2021-10-31,TX,53.5
2021-10-31,UT,39.0
2021-10-31,VA,46.0
2021-10-31,WA,40.5
2021-10-31,WI,60.0
2021-10-31,WV,59.5
2021-10-31,WY,52.0
2021-11-30,AK,66.0
2021-11-30,AL,49.0
2021-11-30,AR,48.5
2021-11-30,AZ,48.5
2021-11-30,CA,43.0
2021-11-30,CO,46.0
2021-11-30,CT,59.0
2021-11-30,DE,58.5
2021-11-30,FL,49.5
2021-11-30,GA,41.0
2021-11-30,HI,56.0
2021-11-30,IA,55.0
2021-11-30,ID,48.5
2021-11-30,IL,54.5
2021-11-30,IN,47.0
2021-11-30,KS,42.0
2021-11-30,KY,54.0
2021-11-30,LA,45.5
2021-11-30,MA,57.0
2021-11-30,MD,61.5
2021-11-30,ME,53.5
2021-11-30,MI,50.0
2021-11-30,MN,62.0
2021-11-30,MO,44.5
2021-11-30,MS,48.0
2021-11-30,MT,46.5
2021-11-30,NC,46.0
2021-11-30,ND,79.0
2021-11-30,NE,42.5
2021-11-30,NH,51.5
2021-11-30,NJ,78.0
2021-11-30,NM,45.5
2021-11-30,NV,45.0
2021-11-30,NY,90.5
2021-11-30,OH,51.5
2021-11-30,OK,60.5
2021-11-30,OR,51.0
2021-11-30,PA,57.5
2021-11-30,RI,54.0
2021-11-30,SC,49.0
2021-11-30,SD,53.5
2021-11-30,TN,49.5
2021-11-30,TX,52.5
2021-11-30,UT,35.0
2021-11-30,VA,47.0
2021-11-30,WA,43.5
2021-11-30,WI,60.0
2021-11-30,WV,64.0
2021-11-30,WY,49.5
2021-12-31,AK,62.0
2021-12-31,AL,51.0
2021-12-31,AR,45.5
2021-12-31,AZ,50.0
2021-12-31,CA,45.0
2021-12-31,CO,43.5
2021-12-31,CT,61.0
2021-12-31,DE,57.0
2021-12-31,FL,50.0
2021-12-31,GA,46.5
2021-12-31,HI,58.5
2021-12-31,IA,59.0
2021-12-31,ID,48.5
2021-12-31,IL,60.5
2021-12-31,IN,49.0
2021-12-31,KS,49.0
2021-12-31,KY,58.0
2021-12-31,LA,47.0
2021-12-31,MA,55.0
2021-12-31,MD,62.0
2021-12-31,ME,54.0
2021-12-31,MI,55.0
2021-12-31,MN,66.0
2021-12-31,MO,47.5
2021-12-31,MS,48.0
2021-12-31,MT,46.5
2021-12-31,NC,48.0
2021-12-31,ND,84.5
2021-12-31,NE,48.0
2021-12-31,NH,56.0
2021-12-31,NJ,84.0
2021-12-31,NM,47.5
2021-12-31,NV,51.5
2021-12-31,NY,90.5
2021-12-31,OH,57.0
2021-12-31,OK,65.0
2021-12-31,OR,53.5
2021-12-31,PA,61.0
2021-12-31,RI,54.0
2021-12-31,SC,50.5
2021-12-31,SD,60.0
2021-12-31,TN,52.0
2021-12-31,TX,57.0
2021-12-31,UT,36.0
2021-12-31,VA,46.0
2021-12-31,WA,42.5
2021-12-31,WI,68.0
2021-12-31,WV,58.0
2021-12-31,WY,61.0
2022-01-31,AK,58.0
2022-01-31,AL,46.0
2022-01-31,AR,47.5
2022-01-31,AZ,46.5
2022-01-31,CA,43.5
2022-01-31,CO,46.5
2022-01-31,CT,59.0
2022-01-31,DE,59.5
2022-01-31,FL,49.0
2022-01-31,GA,47.0
2022-01-31,HI,65.5
2022-01-31,IA,65.0
2022-01-31,ID,44.0
2022-01-31,IL,61.5
2022-01-31,IN,47.5
2022-01-31,KS,43.0
2022-01-31,KY,59.0
2022-01-31,LA,47.5
2022-01-31,MA,58.0
2022-01-31,MD,60.0
2022-01-31,ME,52.5
2022-01-31,MI,53.5
2022-01-31,MN,63.0
2022-01-31,MO,48.5
2022-01-31,MS,47.0
2022-01-31,MT,48.0
2022-01-31,NC,48.0
2022-01-31,ND,80.5
2022-01-31,NE,42.5
2022-01-31,NH,52.5
2022-01-31,NJ,90.0
2022-01-31,NM,48.5
2022-01-31,NV,48.5
2022-01-31,NY,101.0
2022-01-31,OH,55.0
2022-01-31,OK,60.5
2022-01-31,OR,48.5
2022-01-31,PA,62.0
2022-01-31,RI,57.0
2022-01-31,SC,51.5
2022-01-31,SD,65.0
2022-01-31,TN,52.5
2022-01-31,TX,54.0
2022-01-31,UT,36.0
2022-01-31,VA,48.0
2022-01-31,WA,42.0
2022-01-31,WI,67.0
2022-01-31,WV,75.0
2022-01-31,WY,54.0
2022-02-28,AK,56.0
2022-02-28,AL,43.0
2022-02-28,AR,43.5
2022-02-28,AZ,38.0
2022-02-28,CA,37.5
2022-02-28,CO,41.0
2022-02-28,CT,55.0
2022-02-28,DE,51.0
2022-02-28,FL,43.0
2022-02-28,GA,40.0
2022-02-28,HI,57.0
2022-02-28,IA,50.0
2022-02-28,ID,34.0
2022-02-28,IL,47.5
2022-02-28,IN,41.0
2022-02-28,KS,38.5
2022-02-28,KY,44.0
2022-02-28,LA,41.0
2022-02-28,MA,51.0
2022-02-28,MD,51.0
2022-02-28,ME,48.5
2022-02-28,MI,44.0
2022-02-28,MN,50.5
2022-02-28,MO,42.0
2022-02-28,MS,41.0
2022-02-28,MT,40.5
2022-02-28,NC,41.0
2022-02-28,ND,72.0
2022-02-28,NE,38.0
2022-02-28,NH,49.0
2022-02-28,NJ,71.0
2022-02-28,NM,41.5
2022-02-28,NV,40.5
2022-02-28,NY,86.0
2022-02-28,OH,45.0
2022-02-28,OK,57.0
2022-02-28,OR,42.0
2022-02-28,PA,52.0
2022-02-28,RI,50.0
2022-02-28,SC,44.0
2022-02-28,SD,51.5
2022-02-28,TN,42.0
2022-02-28,TX,44.5
2022-02-28,UT,33.0
2022-02-28,VA,42.0
2022-02-28,WA,38.0
2022-02-28,WI,51.0
2022-02-28,WV,57.5
2022-02-28,WY,42.0
2022-03-31,AK,50.5
2022-03-31,AL,42.5
2022-03-31,AR,40.5
2022-03-31,AZ,39.5
2022-03-31,CA,37.5
2022-03-31,CO,41.0
2022-03-31,CT,49.0
2022-03-31,DE,48.5
2022-03-31,FL,44.0
2022-03-31,GA,41.0
2022-03-31,HI,53.0
2022-03-31,IA,46.5
2022-03-31,ID,35.0
2022-03-31,IL,46.0
2022-03-31,IN,40.0
2022-03-31,KS,35.5
2022-03-31,KY,44.0
2022-03-31,LA,44.0
2022-03-31,MA,48.0
2022-03-31,MD,49.0
2022-03-31,ME,43.5
2022-03-31,MI,42.0
2022-03-31,MN,48.5
2022-03-31,MO,40.0
2022-03-31,MS,41.5
2022-03-31,MT,43.0
2022-03-31,NC,40.0
2022-03-31,ND,61.0
2022-03-31,NE,38.0
2022-03-31,NH,48.5
2022-03-31,NJ,65.5
2022-03-31,NM,41.5
2022-03-31,NV,39.0
2022-03-31,NY,71.5
2022-03-31,OH,43.0
2022-03-31,OK,48.5
2022-03-31,OR,41.0
2022-03-31,PA,49.0
2022-03-31,RI,48.0
2022-03-31,SC,43.5
2022-03-31,SD,49.5
2022-03-31,TN,41.5
2022-03-31,TX,41.5
2022-03-31,UT,32.0
2022-03-31,VA,38.0
2022-03-31,WA,36.0
2022-03-31,WI,40.0
2022-03-31,WV,45.0
2022-03-31,WY,42.0
2022-04-30,AK,55.0
2022-04-30,AL,42.0
2022-04-30,AR,38.5
2022-04-30,AZ,39.0
2022-04-30,CA,37.5
2022-04-30,CO,39.5
2022-04-30,CT,49.0
2022-04-30,DE,50.0
2022-04-30,FL,44.0
2022-04-30,GA,41.0
2022-04-30,HI,56.0
2022-04-30,IA,49.5
2022-04-30,ID,36.5
2022-04-30,IL,44.0
2022-04-30,IN,39.0
2022-04-30,KS,38.0
2022-04-30,KY,42.0
2022-04-30,LA,42.5
2022-04-30,MA,50.0
2022-04-30,MD,50.0
2022-04-30,ME,44.5
2022-04-30,MI,41.0
2022-04-30,MN,47.0
2022-04-30,MO,40.5
2022-04-30,MS,42.5
2022-04-30,MT,40.0
2022-04-30,NC,41.0
2022-04-30,ND,58.0
2022-04-30,NE,39.5
2022-04-30,NH,44.5
2022-04-30,NJ,64.5
2022-04-30,NM,40.0
2022-04-30,NV,39.0
2022-04-30,NY,70.5
2022-04-30,OH,42.0
2022-04-30,OK,49.0
2022-04-30,OR,41.0
2022-04-30,PA,48.5
2022-04-30,RI,47.0
2022-04-30,SC,44.0
2022-04-30,SD,46.0
2022-04-30,TN,42.5
2022-04-30,TX,41.0
2022-04-30,UT,31.0
2022-04-30,VA,40.0
2022-04-30,WA,36.0
2022-04-30,WI,43.0
2022-04-30,WV,51.0
2022-04-30,WY,38.0
2022-05-31,AK,56.0
2022-05-31,AL,43.0
2022-05-31,AR,40.0
2022-05-31,AZ,40.0
2022-05-31,CA,39.0
2022-05-31,CO,40.5
2022-05-31,CT,50.0
2022-05-31,DE,50.0
2022-05-31,FL,45.0
2022-05-31,GA,41.0
2022-05-31,HI,55.0
2022-05-31,IA,50.0
2022-05-31,ID,37.5
2022-05-31,IL,46.0
2022-05-31,IN,41.0
2022-05-31,KS,37.0
2022-05-31,KY,44.0
2022-05-31,LA,44.5
2022-05-31,MA,49.0
2022-05-31,MD,49.5
2022-05-31,ME,45.5
2022-05-31,MI,40.0
2022-05-31,MN,48.0
2022-05-31,MO,40.0
2022-05-31,MS,43.0
2022-05-31,MT,42.0
2022-05-31,NC,41.0
2022-05-31,ND,60.0
2022-05-31,NE,41.0
2022-05-31,NH,48.5
2022-05-31,NJ,67.5
2022-05-31,NM,41.5
2022-05-31,NV,38.0
2022-05-31,NY,71.0
2022-05-31,OH,42.5
2022-05-31,OK,47.0
2022-05-31,OR,40.0
2022-05-31,PA,49.0
2022-05-31,RI,48.0
2022-05-31,SC,46.0
2022-05-31,SD,46.5
2022-05-31,TN,43.5
2022-05-31,TX,40.5
2022-05-31,UT,33.0
2022-05-31,VA,41.0
2022-05-31,WA,36.0
2022-05-31,WI,41.5
2022-05-31,WV,50.5
2022-05-31,WY,45.0
2022-06-30,AK,56.0
2022-06-30,AL,44.5
2022-06-30,AR,48.0
2022-06-30,AZ,47.5
2022-06-30,CA,42.0
2022-06-30,CO,45.0
2022-06-30,CT,55.0
2022-06-30,DE,52.5
2022-06-30,FL,48.0
2022-06-30,GA,44.0
2022-06-30,HI,58.0
2022-06-30,IA,50.5
2022-06-30,ID,46.0
2022-06-30,IL,48.0
2022-06-30,IN,41.5
2022-06-30,KS,41.0
2022-06-30,KY,46.0
2022-06-30,LA,44.5
2022-06-30,MA,51.0
2022-06-30,MD,51.5
2022-06-30,ME,47.5
2022-06-30,MI,43.5
2022-06-30,MN,52.0
2022-06-30,MO,43.0
2022-06-30,MS,46.0
2022-06-30,MT,44.0
2022-06-30,NC,42.0
2022-06-30,ND,65.0
2022-06-30,NE,43.5
2022-06-30,NH,50.0
2022-06-30,NJ,68.5
2022-06-30,NM,42.5
2022-06-30,NV,43.5
2022-06-30,NY,74.0
2022-06-30,OH,45.5
2022-06-30,OK,48.5
2022-06-30,OR,45.0
2022-06-30,PA,51.0
2022-06-30,RI,50.0
2022-06-30,SC,46.5
2022-06-30,SD,50.5
2022-06-30,TN,45.0
2022-06-30,TX,43.0
2022-06-30,UT,40.0
2022-06-30,VA,44.0
2022-06-30,WA,40.0
2022-06-30,WI,52.0
2022-06-30,WV,49.5
2022-06-30,WY,43.0
2022-07-31,AK,60.0
2022-07-31,AL,48.0
2022-07-31,AR,42.0
2022-07-31,AZ,49.5
2022-07-31,CA,46.0
2022-07-31,CO,45.5
2022-07-31,CT,56.0
2022-07-31,DE,59.5
2022-07-31,FL,51.5
2022-07-31,GA,47.0
2022-07-31,HI,58.0
2022-07-31,IA,50.0
2022-07-31,ID,44.0
2022-07-31,IL,48.0
2022-07-31,IN,43.5
2022-07-31,KS,39.0
2022-07-31,KY,50.0
2022-07-31,LA,45.0
2022-07-31,MA,53.0
2022-07-31,MD,57.5
2022-07-31,ME,50.0
2022-07-31,MI,47.0
2022-07-31,MN,55.5
2022-07-31,MO,44.5
2022-07-31,MS,47.0
2022-07-31,MT,44.5
2022-07-31,NC,43.0
2022-07-31,ND,58.0
2022-07-31,NE,43.5
2022-07-31,NH,50.5
2022-07-31,NJ,75.0
2022-07-31,NM,44.0
2022-07-31,NV,51.5
2022-07-31,NY,77.0
2022-07-31,OH,47.5
2022-07-31,OK,49.0
2022-07-31,OR,49.0
2022-07-31,PA,53.5
2022-07-31,RI,53.0
2022-07-31,SC,48.5
2022-07-31,SD,46.0
2022-07-31,TN,46.5
2022-07-31,TX,45.0
2022-07-31,UT,43.0
2022-07-31,VA,42.0
2022-07-31,WA,42.0
2022-07-31,WI,48.0
2022-07-31,WV,57.0
2022-07-31,WY,49.5
2022-08-31,AK,61.0
2022-08-31,AL,49.0
2022-08-31,AR,51.5
2022-08-31,AZ,59.0
2022-08-31,CA,49.0
2022-08-31,CO,53.5
2022-08-31,CT,54.0
2022-08-31,DE,54.5
2022-08-31,FL,53.5
2022-08-31,GA,48.0
2022-08-31,HI,57.5
2022-08-31,IA,54.0
2022-08-31,ID,55.0
2022-08-31,IL,51.0
2022-08-31,IN,44.0
2022-08-31,KS,42.5
2022-08-31,KY,49.5
2022-08-31,LA,50.5
2022-08-31,MA,54.0
2022-08-31,MD,53.5
2022-08-31,ME,49.5
2022-08-31,MI,46.0
2022-08-31,MN,56.0
2022-08-31,MO,46.5
2022-08-31,MS,46.0
2022-08-31,MT,44.5
2022-08-31,NC,44.5
2022-08-31,ND,65.0
2022-08-31,NE,42.0
2022-08-31,NH,50.5
2022-08-31,NJ,71.5
2022-08-31,NM,33.0
2022-08-31,NV,56.5
2022-08-31,NY,80.0
2022-08-31,OH,47.0
2022-08-31,OK,52.5
2022-08-31,OR,54.0
2022-08-31,PA,53.0
2022-08-31,RI,53.0
2022-08-31,SC,47.0
2022-08-31,SD,49.0
2022-08-31,TN,46.0
2022-08-31,TX,51.0
2022-08-31,UT,50.0
2022-08-31,VA,44.0
2022-08-31,WA,47.0
2022-08-31,WI,48.0
2022-08-31,WV,55.5
2022-08-31,WY,55.0
2022-09-30,AK,57.0
2022-09-30,AL,51.0
2022-09-30,AR,49.5
2022-09-30,AZ,62.5
2022-09-30,CA,52.0
2022-09-30,CO,58.5
2022-09-30,CT,55.0
2022-09-30,DE,54.0
2022-09-30,FL,57.0
2022-09-30,GA,50.0
2022-09-30,HI,62.5
2022-09-30,IA,54.5
2022-09-30,ID,55.5
2022-09-30,IL,51.0
2022-09-30,IN,42.0
2022-09-30,KS,43.0
2022-09-30,KY,54.0
2022-09-30,LA,50.5
2022-09-30,MA,54.0
2022-09-30,MD,53.5
2022-09-30,ME,49.0
2022-09-30,MI,49.0
2022-09-30,MN,53.0
2022-09-30,MO,45.0
2022-09-30,MS,46.5
2022-09-30,MT,47.0
2022-09-30,NC,47.0
2022-09-30,ND,70.0
2022-09-30,NE,46.0
2022-09-30,NH,49.5
2022-09-30,NJ,70.0
2022-09-30,NM,42.5
2022-09-30,NV,64.5
2022-09-30,NY,81.0
2022-09-30,OH,48.0
2022-09-30,OK,55.5
2022-09-30,OR,55.0
2022-09-30,PA,53.5
2022-09-30,RI,54.0
2022-09-30,SC,48.5
2022-09-30,SD,51.0
2022-09-30,TN,51.0
2022-09-30,TX,51.0
2022-09-30,UT,57.0
2022-09-30,VA,42.0
2022-09-30,WA,52.0
2022-09-30,WI,51.5
2022-09-30,WV,59.5
2022-09-30,WY,58.5
